professionals,training,exception
tattoos,municipalities,monitoring
imprisonment,exposing,color
torture,infanticide,collective
enquadria,reduction,murder
death,reduction,murder
campaigns,candidates,party
campaigns,candidates,private
amendment,company,outsourcing
votes,district,manage
required,withdrawal, transgenic
president,election,governor
legislature,terms,house
spouses,contributed,years
dismissal,purpose,closed
office,governor,years
optional,vote,election
printed,vote, election
state,municipal,coincidence
president,election,vote
